match_id,match_date,league,home_team,away_team,result,prediction,confidence,correct,home_probability,draw_probability,away_probability,confidence_bucket
1076,2025-04-07 18:45:00,Serie A,Bologna,Napoli,DRAW,HOME,56.889707249973675,False,56.889707249973675,28.085674496248135,15.024618253778193,55-59.9
305,2025-04-07 19:00:00,La Liga,Leganes,Osasuna,DRAW,HOME,46.32079395937179,False,46.32079395937179,25.142434260187112,28.5367717804411,45-49.9
695,2025-04-07 19:00:00,Premier League,Leicester,Newcastle,AWAY,AWAY,46.167517949364466,True,29.437636746363623,24.39484530427191,46.167517949364466,45-49.9
1399,2025-04-11 18:30:00,Bundesliga,VfL Wolfsburg,RB Leipzig,AWAY,AWAY,42.92328362214311,True,28.05525773629869,29.021458641558183,42.92328362214311,40-44.9
1077,2025-04-11 18:45:00,Serie A,Udinese,AC Milan,AWAY,AWAY,36.87573636029356,True,33.31077283111909,29.81349080858734,36.87573636029356,35-39.9
306,2025-04-11 19:00:00,La Liga,Valencia,Sevilla,HOME,HOME,56.14281017588579,True,56.14281017588579,26.55197918308273,17.305210641031472,55-59.9
696,2025-04-12 11:30:00,Premier League,Manchester City,Crystal Palace,HOME,AWAY,41.27982784920514,False,29.390854690990313,29.32931745980455,41.27982784920514,40-44.9
307,2025-04-12 12:00:00,La Liga,Real Sociedad,Mallorca,AWAY,HOME,46.67476779117578,False,46.67476779117578,26.84652877038807,26.478703438436153,45-49.9
1078,2025-04-12 13:00:00,Serie A,Venezia,Monza,HOME,HOME,44.882475124165296,True,44.882475124165296,32.155008630721746,22.962516245112962,40-44.9
1400,2025-04-12 13:30:00,Bundesliga,Borussia Mönchengladbach,SC Freiburg,AWAY,HOME,55.090620695376835,False,55.090620695376835,25.010392612470383,19.89898669215279,55-59.9
1401,2025-04-12 13:30:00,Bundesliga,1899 Hoffenheim,FSV Mainz 05,HOME,AWAY,40.96665091406723,False,33.05559485184072,25.977754234092053,40.96665091406723,40-44.9
1402,2025-04-12 13:30:00,Bundesliga,Bayer Leverkusen,Union Berlin,DRAW,HOME,51.98005035054371,False,51.98005035054371,24.675835850754645,23.34411379870163,50-54.9
1403,2025-04-12 13:30:00,Bundesliga,VfL Bochum,FC Augsburg,AWAY,AWAY,43.132451955795865,True,31.905034436759394,24.962513607444745,43.132451955795865,40-44.9
1404,2025-04-12 13:30:00,Bundesliga,Holstein Kiel,FC St. Pauli,AWAY,HOME,37.95594661722189,False,37.95594661722189,26.5845798606259,35.45947352215221,35-39.9
698,2025-04-12 14:00:00,Premier League,Brighton,Leicester,DRAW,HOME,59.15224900888805,False,59.15224900888805,24.79466573952769,16.05308525158426,55-59.9
699,2025-04-12 14:00:00,Premier League,Nottingham Forest,Everton,AWAY,HOME,44.76908700850278,False,44.76908700850278,31.050449889945924,24.180463101551304,40-44.9
697,2025-04-12 14:00:00,Premier League,Southampton,Aston Villa,AWAY,AWAY,53.7146219714145,True,24.574465894667963,21.710912133917535,53.7146219714145,50-54.9
308,2025-04-12 14:15:00,La Liga,Getafe,Las Palmas,AWAY,HOME,55.540211080124315,False,55.540211080124315,25.83565503199829,18.624133887877402,55-59.9
1079,2025-04-12 16:00:00,Serie A,Inter,Cagliari,HOME,HOME,46.65317158413366,True,46.65317158413366,30.55268236761342,22.794146048252916,45-49.9
309,2025-04-12 16:30:00,La Liga,Celta Vigo,Espanyol,AWAY,HOME,45.06238112690591,False,45.06238112690591,28.611382709625687,26.32623616346841,45-49.9
700,2025-04-12 16:30:00,Premier League,Arsenal,Brentford,DRAW,HOME,41.55847963394355,False,41.55847963394355,32.545082544632066,25.89643782142439,40-44.9
1405,2025-04-12 16:30:00,Bundesliga,Bayern München,Borussia Dortmund,DRAW,HOME,43.86778182040192,False,43.86778182040192,23.602562488353204,32.52965569124487,40-44.9
1080,2025-04-12 18:45:00,Serie A,Juventus,Lecce,HOME,HOME,41.89009872977544,True,41.89009872977544,31.85264686265573,26.257254407568837,40-44.9
310,2025-04-12 19:00:00,La Liga,Leganes,Barcelona,AWAY,AWAY,59.52586240175598,True,20.605914093056615,19.86822350518741,59.52586240175598,55-59.9
1081,2025-04-13 10:30:00,Serie A,Atalanta,Bologna,HOME,AWAY,48.62249970619354,False,22.67943908138566,28.698061212420807,48.62249970619354,45-49.9
311,2025-04-13 12:00:00,La Liga,Osasuna,Girona,HOME,HOME,43.91748283665058,True,43.91748283665058,26.17318415618654,29.909333007162886,40-44.9
1083,2025-04-13 13:00:00,Serie A,Hellas Verona,Genoa,DRAW,AWAY,33.97684129293133,False,32.381905332810405,33.64125337425827,33.97684129293133,<35
703,2025-04-13 13:00:00,Premier League,Chelsea,Ipswich,DRAW,HOME,50.61107525036609,False,50.61107525036609,28.681654617288764,20.70727013234514,50-54.9
1082,2025-04-13 13:00:00,Serie A,Fiorentina,Parma,DRAW,HOME,46.91233218215881,False,46.91233218215881,31.474993921525936,21.612673896315254,45-49.9
701,2025-04-13 13:00:00,Premier League,Wolves,Tottenham,HOME,HOME,47.22636674006531,True,47.22636674006531,29.16741334117753,23.606219918757162,45-49.9
702,2025-04-13 13:00:00,Premier League,Liverpool,West Ham,HOME,HOME,49.88648891824668,True,49.88648891824668,28.70553839860336,21.40797268314998,45-49.9
1406,2025-04-13 13:30:00,Bundesliga,VfB Stuttgart,Werder Bremen,AWAY,AWAY,46.995820035483256,True,31.865541582245193,21.138638382271544,46.995820035483256,45-49.9
312,2025-04-13 14:15:00,La Liga,Alaves,Real Madrid,AWAY,HOME,44.96315408309126,False,44.96315408309126,27.31163452259406,27.72521139431469,40-44.9
704,2025-04-13 15:30:00,Premier League,Newcastle,Manchester United,HOME,HOME,45.41490033511495,True,45.41490033511495,27.9361625410038,26.64893712388125,45-49.9
1407,2025-04-13 15:30:00,Bundesliga,Eintracht Frankfurt,1. FC Heidenheim,HOME,HOME,39.93486393993654,True,39.93486393993654,26.39878532519987,33.66635073486359,35-39.9
1084,2025-04-13 16:00:00,Serie A,Como,Torino,HOME,AWAY,37.161029523726135,False,33.48819946696379,29.350771009310066,37.161029523726135,35-39.9
313,2025-04-13 16:30:00,La Liga,Real Betis,Villarreal,AWAY,HOME,56.43189509306846,False,56.43189509306846,27.526242342281986,16.04186256464955,55-59.9
1085,2025-04-13 18:45:00,Serie A,Lazio,AS Roma,DRAW,HOME,35.394450662505115,False,35.394450662505115,31.633921599647714,32.971627737847164,35-39.9
314,2025-04-13 19:00:00,La Liga,Athletic Club,Rayo Vallecano,HOME,HOME,44.38372650649739,True,44.38372650649739,30.85435418965726,24.76191930384535,40-44.9
1086,2025-04-14 18:45:00,Serie A,Napoli,Empoli,HOME,HOME,43.56428511263418,True,43.56428511263418,34.8009229196273,21.63479196773853,40-44.9
705,2025-04-14 19:00:00,Premier League,Bournemouth,Fulham,HOME,AWAY,47.551823105256,False,29.76434716674614,22.683829727997846,47.551823105256,45-49.9
315,2025-04-14 19:00:00,La Liga,Atletico Madrid,Valladolid,HOME,HOME,57.292601776842545,True,57.292601776842545,24.914353154597904,17.793045068559557,55-59.9
706,2025-04-16 18:30:00,Premier League,Newcastle,Crystal Palace,HOME,HOME,50.20039488771264,True,50.20039488771264,25.405253345780075,24.394351766507285,50-54.9
316,2025-04-18 19:00:00,La Liga,Espanyol,Getafe,HOME,HOME,45.789659619445466,True,45.789659619445466,25.67054551567699,28.539794864877543,45-49.9
317,2025-04-19 12:00:00,La Liga,Rayo Vallecano,Valencia,DRAW,AWAY,39.44500869414297,False,35.2793674182029,25.27562388765413,39.44500869414297,35-39.9
1087,2025-04-19 13:00:00,Serie A,Lecce,Como,AWAY,AWAY,45.53076371484824,True,27.17524810286431,27.293988182287464,45.53076371484824,45-49.9
1408,2025-04-19 13:30:00,Bundesliga,SC Freiburg,1899 Hoffenheim,HOME,HOME,36.90212181739635,True,36.90212181739635,26.422870282051214,36.675007900552444,35-39.9
1409,2025-04-19 13:30:00,Bundesliga,Werder Bremen,VfL Bochum,HOME,HOME,67.87911592697216,True,67.87911592697216,19.619480677738,12.501403395289849,60-69.9
1410,2025-04-19 13:30:00,Bundesliga,FSV Mainz 05,VfL Wolfsburg,DRAW,HOME,42.02295790255698,False,42.02295790255698,26.70646408440553,31.270578013037497,40-44.9
1411,2025-04-19 13:30:00,Bundesliga,RB Leipzig,Holstein Kiel,DRAW,HOME,56.69894784763262,False,56.69894784763262,25.090350399055755,18.21070175331163,55-59.9
1412,2025-04-19 13:30:00,Bundesliga,1. FC Heidenheim,Bayern München,AWAY,AWAY,39.70871909902412,True,35.13059074502308,25.160690155952807,39.70871909902412,35-39.9
710,2025-04-19 14:00:00,Premier League,Brentford,Brighton,HOME,HOME,39.70874048830642,True,39.70874048830642,28.031083794694716,32.26017571699887,35-39.9
709,2025-04-19 14:00:00,Premier League,Crystal Palace,Bournemouth,DRAW,HOME,39.34683615798021,False,39.34683615798021,25.41468442948928,35.23847941253051,35-39.9
707,2025-04-19 14:00:00,Premier League,Everton,Manchester City,AWAY,AWAY,42.53471262588207,True,28.39318850008883,29.072098874029102,42.53471262588207,40-44.9
708,2025-04-19 14:00:00,Premier League,West Ham,Southampton,DRAW,HOME,43.43075417218092,False,43.43075417218092,26.917475329749795,29.65177049806929,40-44.9
318,2025-04-19 14:15:00,La Liga,Barcelona,Celta Vigo,HOME,HOME,62.09821145624299,True,62.09821145624299,23.35445357312995,14.547334970627054,60-69.9
1088,2025-04-19 16:00:00,Serie A,Monza,Napoli,AWAY,AWAY,52.34690946572347,True,21.997044829298577,25.656045704977952,52.34690946572347,50-54.9
319,2025-04-19 16:30:00,La Liga,Mallorca,Leganes,DRAW,HOME,50.18337344522566,False,50.18337344522566,27.199547463836726,22.617079090937608,50-54.9
711,2025-04-19 16:30:00,Premier League,Aston Villa,Newcastle,HOME,AWAY,45.92193206897836,False,28.984181815560312,25.093886115461313,45.92193206897836,45-49.9
1413,2025-04-19 16:30:00,Bundesliga,Union Berlin,VfB Stuttgart,DRAW,HOME,41.882941318949115,False,41.882941318949115,28.02464888703297,30.092409794017914,40-44.9
1089,2025-04-19 18:45:00,Serie A,AS Roma,Hellas Verona,HOME,HOME,42.7198308676342,True,42.7198308676342,36.549710834265866,20.730458298099926,40-44.9
320,2025-04-19 19:00:00,La Liga,Las Palmas,Atletico Madrid,HOME,HOME,43.72004070039282,True,43.72004070039282,23.63021146083661,32.64974783877057,40-44.9
321,2025-04-20 12:00:00,La Liga,Valladolid,Osasuna,AWAY,AWAY,38.42836726369518,True,36.49580725597827,25.075825480326554,38.42836726369518,35-39.9
712,2025-04-20 13:00:00,Premier League,Manchester United,Wolves,AWAY,AWAY,44.977368719781495,True,28.98038790270338,26.042243377515128,44.977368719781495,40-44.9
713,2025-04-20 13:00:00,Premier League,Fulham,Chelsea,AWAY,HOME,37.20589420107811,False,37.20589420107811,29.2127978435444,33.58130795537749,35-39.9
714,2025-04-20 13:00:00,Premier League,Ipswich,Arsenal,AWAY,AWAY,41.574424459741124,True,32.646692189203904,25.778883351054976,41.574424459741124,40-44.9
1090,2025-04-20 13:00:00,Serie A,Empoli,Venezia,DRAW,AWAY,38.66101906109872,False,26.93495480343662,34.40402613546465,38.66101906109872,35-39.9
1414,2025-04-20 13:30:00,Bundesliga,FC Augsburg,Eintracht Frankfurt,DRAW,HOME,38.98068316403345,False,38.98068316403345,28.452936884592216,32.56637995137434,35-39.9
322,2025-04-20 14:15:00,La Liga,Villarreal,Real Sociedad,DRAW,HOME,44.213566418670155,False,44.213566418670155,28.44937787522106,27.337055706108774,40-44.9
715,2025-04-20 15:30:00,Premier League,Leicester,Liverpool,AWAY,AWAY,58.15368217646258,True,19.63517864088353,22.211139182653884,58.15368217646258,55-59.9
1415,2025-04-20 15:30:00,Bundesliga,Borussia Dortmund,Borussia Mönchengladbach,HOME,HOME,43.69053253331284,True,43.69053253331284,24.157876048192573,32.15159141849458,40-44.9
1091,2025-04-20 16:00:00,Serie A,Bologna,Inter,HOME,HOME,40.26842504781542,True,40.26842504781542,27.979062338257194,31.75251261392738,40-44.9
323,2025-04-20 16:30:00,La Liga,Sevilla,Alaves,DRAW,HOME,37.71324722392389,False,37.71324722392389,30.095685906975874,32.19106686910023,35-39.9
1416,2025-04-20 17:30:00,Bundesliga,FC St. Pauli,Bayer Leverkusen,DRAW,HOME,40.14659204555844,False,40.14659204555844,26.248094405993,33.605313548448564,40-44.9
1092,2025-04-20 18:45:00,Serie A,AC Milan,Atalanta,AWAY,HOME,46.69848809269992,False,46.69848809269992,28.381672533429352,24.919839373870733,45-49.9
324,2025-04-20 19:00:00,La Liga,Real Madrid,Athletic Club,HOME,HOME,50.02217895065929,True,50.02217895065929,28.679737516055443,21.29808353328526,50-54.9
325,2025-04-21 19:00:00,La Liga,Girona,Real Betis,AWAY,AWAY,41.86160743160183,True,32.763095540443786,25.375297027954385,41.86160743160183,40-44.9
716,2025-04-21 19:00:00,Premier League,Tottenham,Nottingham Forest,AWAY,AWAY,42.24939896737292,True,32.69693320965309,25.053667822973992,42.24939896737292,40-44.9
326,2025-04-22 17:00:00,La Liga,Valencia,Espanyol,DRAW,HOME,39.88503564952215,False,39.88503564952215,30.765802890006444,29.3491614604714,35-39.9
717,2025-04-22 19:00:00,Premier League,Manchester City,Aston Villa,HOME,AWAY,41.138738791020735,False,33.05614508377874,25.805116125200534,41.138738791020735,40-44.9
327,2025-04-22 19:30:00,La Liga,Barcelona,Mallorca,HOME,HOME,59.694321712872025,True,59.694321712872025,24.661325681724925,15.644352605403054,55-59.9
1095,2025-04-23 16:30:00,Serie A,Torino,Udinese,HOME,HOME,48.29787850986039,True,48.29787850986039,31.422971206000618,20.279150284139007,45-49.9
1096,2025-04-23 16:30:00,Serie A,Parma,Juventus,HOME,HOME,47.33355913699206,True,47.33355913699206,29.786350674425854,22.88009018858208,45-49.9
1093,2025-04-23 16:30:00,Serie A,Cagliari,Fiorentina,AWAY,AWAY,37.67585878222114,True,30.81745755280199,31.506683664976865,37.67585878222114,35-39.9
1094,2025-04-23 16:30:00,Serie A,Genoa,Lazio,AWAY,HOME,46.94554885426392,False,46.94554885426392,32.57859215322817,20.475858992507902,45-49.9
328,2025-04-23 17:00:00,La Liga,Athletic Club,Las Palmas,HOME,HOME,43.07307877857936,True,43.07307877857936,30.17180573432236,26.755115487098287,40-44.9
329,2025-04-23 17:00:00,La Liga,Celta Vigo,Villarreal,HOME,HOME,44.704464369132545,True,44.704464369132545,26.377409048113854,28.91812658275361,40-44.9
718,2025-04-23 19:00:00,Premier League,Arsenal,Crystal Palace,DRAW,HOME,62.84937875582638,False,62.84937875582638,23.47788004403306,13.672741200140562,60-69.9
330,2025-04-23 19:30:00,La Liga,Alaves,Real Sociedad,HOME,HOME,38.486591523937385,True,38.486591523937385,27.05241337992179,34.46099509614083,35-39.9
331,2025-04-23 19:30:00,La Liga,Getafe,Real Madrid,AWAY,HOME,43.08279503788567,False,43.08279503788567,25.522288253256725,31.394916708857618,40-44.9
332,2025-04-24 17:00:00,La Liga,Leganes,Girona,DRAW,HOME,48.039993040678496,False,48.039993040678496,25.72816133376582,26.23184562555567,45-49.9
333,2025-04-24 17:00:00,La Liga,Osasuna,Sevilla,HOME,HOME,50.409385466247045,True,50.409385466247045,28.56290128916108,21.02771324459188,50-54.9
334,2025-04-24 19:30:00,La Liga,Atletico Madrid,Rayo Vallecano,HOME,HOME,56.5289458868953,True,56.5289458868953,22.690911276932585,20.780142836172118,55-59.9
335,2025-04-24 19:30:00,La Liga,Real Betis,Valladolid,HOME,HOME,68.55711939136172,True,68.55711939136172,19.814595669701937,11.628284938936348,60-69.9
1417,2025-04-25 18:30:00,Bundesliga,VfB Stuttgart,1. FC Heidenheim,AWAY,HOME,53.135538198799146,False,53.135538198799146,20.667425538087752,26.197036263113098,50-54.9
719,2025-04-26 11:30:00,Premier League,Chelsea,Everton,HOME,HOME,42.10628535774323,True,42.10628535774323,32.048381712224106,25.845332930032654,40-44.9
1418,2025-04-26 13:30:00,Bundesliga,Bayern München,FSV Mainz 05,HOME,HOME,60.599989806142375,True,60.599989806142375,21.60464161715509,17.795368576702533,60-69.9
1419,2025-04-26 13:30:00,Bundesliga,VfL Wolfsburg,SC Freiburg,AWAY,AWAY,44.01538110197907,True,33.02277329903226,22.961845598988674,44.01538110197907,40-44.9
1420,2025-04-26 13:30:00,Bundesliga,1899 Hoffenheim,Borussia Dortmund,AWAY,AWAY,49.417019544555366,True,28.60701274614706,21.975967709297574,49.417019544555366,45-49.9
1421,2025-04-26 13:30:00,Bundesliga,Bayer Leverkusen,FC Augsburg,HOME,HOME,49.72157701844927,True,49.72157701844927,27.174937350813945,23.10348563073679,45-49.9
1422,2025-04-26 13:30:00,Bundesliga,Holstein Kiel,Borussia Mönchengladbach,HOME,AWAY,49.800924308382434,False,27.413558686300103,22.78551700531746,49.800924308382434,45-49.9
720,2025-04-26 14:00:00,Premier League,Newcastle,Ipswich,HOME,HOME,68.94763536936193,True,68.94763536936193,18.333231903759653,12.719132726878401,60-69.9
721,2025-04-26 14:00:00,Premier League,Wolves,Leicester,HOME,HOME,68.63690249018538,True,68.63690249018538,22.487166595146764,8.875930914667851,60-69.9
722,2025-04-26 14:00:00,Premier League,Southampton,Fulham,AWAY,AWAY,46.041652355529195,True,28.702165635445937,25.25618200902487,46.041652355529195,45-49.9
723,2025-04-26 14:00:00,Premier League,Brighton,West Ham,HOME,AWAY,42.26988029367842,False,33.63886245863259,24.091257247689008,42.26988029367842,40-44.9
1423,2025-04-26 16:30:00,Bundesliga,Eintracht Frankfurt,RB Leipzig,HOME,HOME,39.175208997781816,True,39.175208997781816,28.25566056412592,32.56913043809225,35-39.9
1098,2025-04-27 10:30:00,Serie A,Como,Genoa,HOME,HOME,49.76166939710815,True,49.76166939710815,31.20510762244636,19.033222980445487,45-49.9
1097,2025-04-27 10:30:00,Serie A,Venezia,AC Milan,AWAY,AWAY,37.66787063490409,True,30.839263753616013,31.492865611479893,37.66787063490409,35-39.9
724,2025-04-27 13:00:00,Premier League,Bournemouth,Manchester United,DRAW,HOME,37.428591700004624,False,37.428591700004624,29.89795823527816,32.673450064717215,35-39.9
1099,2025-04-27 13:00:00,Serie A,Fiorentina,Empoli,HOME,HOME,53.3315983892751,True,53.3315983892751,30.793346670985233,15.875054939739666,50-54.9
1100,2025-04-27 13:00:00,Serie A,Inter,AS Roma,AWAY,HOME,44.05259255572779,False,44.05259255572779,31.465051954960398,24.4823554893118,40-44.9
1424,2025-04-27 13:30:00,Bundesliga,VfL Bochum,Union Berlin,DRAW,AWAY,56.33181159246933,False,22.476184059390263,21.19200434814042,56.33181159246933,55-59.9
336,2025-04-27 14:15:00,La Liga,Villarreal,Espanyol,HOME,AWAY,38.166449274750654,False,33.59706316435663,28.23648756089272,38.166449274750654,35-39.9
725,2025-04-27 15:30:00,Premier League,Liverpool,Tottenham,HOME,HOME,56.46597686044931,True,56.46597686044931,25.589702809772845,17.94432032977784,55-59.9
1425,2025-04-27 15:30:00,Bundesliga,Werder Bremen,FC St. Pauli,DRAW,HOME,50.59917324440293,False,50.59917324440293,25.902162928807236,23.49866382678984,50-54.9
1101,2025-04-27 16:00:00,Serie A,Juventus,Monza,HOME,HOME,48.24248624193895,True,48.24248624193895,31.834257080188028,19.92325667787301,45-49.9
1103,2025-04-27 18:45:00,Serie A,Atalanta,Lecce,DRAW,HOME,43.79539698318999,False,43.79539698318999,33.479117245423545,22.725485771386474,40-44.9
1102,2025-04-27 18:45:00,Serie A,Napoli,Torino,HOME,HOME,42.914457126203,True,42.914457126203,34.41239495112148,22.673147922675515,40-44.9
1104,2025-04-28 16:30:00,Serie A,Udinese,Bologna,DRAW,AWAY,55.68036913401413,False,18.074136797745386,26.245494068240475,55.68036913401413,55-59.9
1105,2025-04-28 18:45:00,Serie A,Lazio,Parma,DRAW,HOME,37.530430212020356,False,37.530430212020356,33.44628847362053,29.023281314359124,35-39.9
1106,2025-04-28 18:45:00,Serie A,Hellas Verona,Cagliari,AWAY,DRAW,36.00057880104749,False,34.41586697408578,36.00057880104749,29.58355422486673,35-39.9
726,2025-05-01 18:30:00,Premier League,Nottingham Forest,Brentford,AWAY,HOME,41.12232256143381,False,41.12232256143381,27.369033627010282,31.508643811555913,40-44.9
1426,2025-05-02 18:30:00,Bundesliga,1. FC Heidenheim,VfL Bochum,DRAW,HOME,46.51351780393475,False,46.51351780393475,28.070020533226597,25.416461662838667,45-49.9
1107,2025-05-02 18:45:00,Serie A,Torino,Venezia,DRAW,HOME,37.7724725483413,False,37.7724725483413,33.04537131712949,29.1821561345292,35-39.9
337,2025-05-02 19:00:00,La Liga,Rayo Vallecano,Getafe,HOME,HOME,36.959921551433524,True,36.959921551433524,26.82730566179325,36.212772786773236,35-39.9
727,2025-05-02 19:00:00,Premier League,Manchester City,Wolves,HOME,HOME,42.872436424059565,True,42.872436424059565,27.1915760844819,29.935987491458544,40-44.9
728,2025-05-03 11:30:00,Premier League,Aston Villa,Fulham,HOME,HOME,57.384442164411986,True,57.384442164411986,23.99552033879859,18.620037496789426,55-59.9
338,2025-05-03 12:00:00,La Liga,Alaves,Atletico Madrid,DRAW,AWAY,37.20545550728879,False,33.21359696847089,29.580947524240308,37.20545550728879,35-39.9
1109,2025-05-03 13:00:00,Serie A,Parma,Como,AWAY,AWAY,39.31417607402176,True,28.980566499286127,31.705257426692118,39.31417607402176,35-39.9
1108,2025-05-03 13:00:00,Serie A,Cagliari,Udinese,AWAY,HOME,54.11291406007752,False,54.11291406007752,29.481977957788814,16.405107982133664,50-54.9
1427,2025-05-03 13:30:00,Bundesliga,Borussia Mönchengladbach,1899 Hoffenheim,DRAW,HOME,39.72858931408389,False,39.72858931408389,22.47647207423218,37.794938611683925,35-39.9
1428,2025-05-03 13:30:00,Bundesliga,RB Leipzig,Bayern München,DRAW,AWAY,56.14760521817396,False,23.26767233323097,20.58472244859507,56.14760521817396,55-59.9
1429,2025-05-03 13:30:00,Bundesliga,Union Berlin,Werder Bremen,DRAW,AWAY,38.949332811829045,False,33.662620396110924,27.388046792060017,38.949332811829045,35-39.9
1430,2025-05-03 13:30:00,Bundesliga,FC St. Pauli,VfB Stuttgart,AWAY,AWAY,39.866746967107034,True,34.1923763601924,25.94087667270057,39.866746967107034,35-39.9
729,2025-05-03 14:00:00,Premier League,Everton,Ipswich,DRAW,HOME,44.135688176357384,False,44.135688176357384,28.545921750782625,27.318390072859994,40-44.9
730,2025-05-03 14:00:00,Premier League,Leicester,Southampton,HOME,AWAY,38.24160449333683,False,34.980629895460794,26.77776561120238,38.24160449333683,35-39.9
339,2025-05-03 14:15:00,La Liga,Villarreal,Osasuna,HOME,HOME,41.236627762590686,True,41.236627762590686,29.093327048919914,29.670045188489397,40-44.9
1110,2025-05-03 16:00:00,Serie A,Lecce,Napoli,AWAY,AWAY,52.482252947948346,True,20.413108326116465,27.10463872593518,52.482252947948346,50-54.9
1431,2025-05-03 16:30:00,Bundesliga,Borussia Dortmund,VfL Wolfsburg,HOME,HOME,63.67333837337929,True,63.67333837337929,21.09024979836919,15.236411828251518,60-69.9
731,2025-05-03 16:30:00,Premier League,Arsenal,Bournemouth,AWAY,HOME,46.534202509766196,False,46.534202509766196,27.89116061724963,25.57463687298418,45-49.9
340,2025-05-03 16:30:00,La Liga,Las Palmas,Valencia,AWAY,HOME,41.08785240861551,False,41.08785240861551,29.012742750473393,29.899404840911092,40-44.9
1111,2025-05-03 18:45:00,Serie A,Inter,Hellas Verona,HOME,HOME,44.266233704121646,True,44.266233704121646,33.008010136208725,22.72575615966963,40-44.9
341,2025-05-03 19:00:00,La Liga,Valladolid,Barcelona,AWAY,AWAY,58.524392630148036,True,23.590285054805932,17.885322315046032,58.524392630148036,55-59.9
1112,2025-05-04 10:30:00,Serie A,Empoli,Lazio,AWAY,AWAY,43.23058352193483,True,27.45003309707734,29.319383380987833,43.23058352193483,40-44.9
342,2025-05-04 12:00:00,La Liga,Real Madrid,Celta Vigo,HOME,HOME,51.80394371917465,True,51.80394371917465,27.0556174918243,21.14043878900105,50-54.9
732,2025-05-04 13:00:00,Premier League,West Ham,Tottenham,DRAW,HOME,42.73460541994947,False,42.73460541994947,23.556471372434718,33.70892320761582,40-44.9
733,2025-05-04 13:00:00,Premier League,Brighton,Newcastle,DRAW,AWAY,65.63537135998139,False,17.40040594496094,16.96422269505768,65.63537135998139,60-69.9
734,2025-05-04 13:00:00,Premier League,Brentford,Manchester United,HOME,HOME,50.339979229929824,True,50.339979229929824,28.715410711339068,20.944610058731115,50-54.9
1113,2025-05-04 13:00:00,Serie A,Monza,Atalanta,AWAY,AWAY,46.919670465163236,True,22.987663741833924,30.092665793002844,46.919670465163236,45-49.9
1432,2025-05-04 13:30:00,Bundesliga,FC Augsburg,Holstein Kiel,AWAY,HOME,39.61582370623731,False,39.61582370623731,26.134932794755837,34.24924349900685,35-39.9
343,2025-05-04 14:15:00,La Liga,Sevilla,Leganes,DRAW,AWAY,36.44493169144115,False,34.30530863958904,29.249759668969823,36.44493169144115,35-39.9
735,2025-05-04 15:30:00,Premier League,Chelsea,Liverpool,HOME,HOME,36.07161868962795,True,36.07161868962795,29.193212514712595,34.735168795659455,35-39.9
1433,2025-05-04 15:30:00,Bundesliga,SC Freiburg,Bayer Leverkusen,DRAW,AWAY,37.54681129985345,False,35.97808723019176,26.475101469954776,37.54681129985345,35-39.9
1114,2025-05-04 16:00:00,Serie A,AS Roma,Fiorentina,HOME,HOME,40.83034292714892,True,40.83034292714892,34.24721145999035,24.92244561286073,40-44.9
344,2025-05-04 16:30:00,La Liga,Espanyol,Real Betis,AWAY,HOME,41.86628672990958,False,41.86628672990958,27.492294953737932,30.641418316352475,40-44.9
1434,2025-05-04 17:30:00,Bundesliga,FSV Mainz 05,Eintracht Frankfurt,DRAW,AWAY,57.71181293447896,False,19.74299387352153,22.54519319199951,57.71181293447896,55-59.9
1115,2025-05-04 18:45:00,Serie A,Bologna,Juventus,DRAW,DRAW,35.41164907976322,True,33.711744206274574,35.41164907976322,30.876606713962218,35-39.9
345,2025-05-04 19:00:00,La Liga,Real Sociedad,Athletic Club,DRAW,HOME,41.97106914963856,False,41.97106914963856,29.534443584989557,28.494487265371895,40-44.9
1116,2025-05-05 18:45:00,Serie A,Genoa,AC Milan,AWAY,AWAY,44.649049456323084,True,23.492105699335948,31.858844844340968,44.649049456323084,40-44.9
736,2025-05-05 19:00:00,Premier League,Crystal Palace,Nottingham Forest,DRAW,HOME,38.86879130703898,False,38.86879130703898,25.94268357383119,35.188525119129835,35-39.9
346,2025-05-05 19:00:00,La Liga,Girona,Mallorca,HOME,AWAY,39.00466121922617,False,33.20846941909463,27.78686936167919,39.00466121922617,35-39.9
1435,2025-05-09 18:30:00,Bundesliga,VfL Wolfsburg,1899 Hoffenheim,DRAW,AWAY,49.193736293341374,False,30.196920010278955,20.60934369637968,49.193736293341374,45-49.9
1117,2025-05-09 18:45:00,Serie A,AC Milan,Bologna,HOME,HOME,50.32391124835202,True,50.32391124835202,30.734326245460235,18.941762506187757,50-54.9
347,2025-05-09 19:00:00,La Liga,Las Palmas,Rayo Vallecano,AWAY,HOME,60.30574135231759,False,60.30574135231759,23.20333459890949,16.49092404877292,60-69.9
348,2025-05-10 12:00:00,La Liga,Valencia,Getafe,HOME,HOME,52.190652770582005,True,52.190652770582005,28.244922338415137,19.56442489100286,50-54.9
1118,2025-05-10 13:00:00,Serie A,Como,Cagliari,HOME,HOME,56.38293436796036,True,56.38293436796036,30.268059992842794,13.349005639196857,55-59.9
1439,2025-05-10 13:30:00,Bundesliga,Holstein Kiel,SC Freiburg,AWAY,HOME,48.55316666152583,False,48.55316666152583,22.147145761217697,29.299687577256478,45-49.9
1436,2025-05-10 13:30:00,Bundesliga,Werder Bremen,RB Leipzig,DRAW,HOME,50.780043749801784,False,50.780043749801784,25.178116379991323,24.04183987020689,50-54.9
1437,2025-05-10 13:30:00,Bundesliga,VfL Bochum,FSV Mainz 05,AWAY,AWAY,36.92551581572873,True,35.521682595056674,27.5528015892146,36.92551581572873,35-39.9
1438,2025-05-10 13:30:00,Bundesliga,Union Berlin,1. FC Heidenheim,AWAY,HOME,55.294460690283884,False,55.294460690283884,25.409504498019242,19.296034811696877,55-59.9
740,2025-05-10 14:00:00,Premier League,Ipswich,Brentford,AWAY,AWAY,57.289100462741885,True,22.25650061238796,20.45439892487016,57.289100462741885,55-59.9
739,2025-05-10 14:00:00,Premier League,Southampton,Manchester City,DRAW,AWAY,60.606413517578574,False,17.793934377194613,21.59965210522682,60.606413517578574,60-69.9
737,2025-05-10 14:00:00,Premier League,Fulham,Everton,AWAY,HOME,40.617156282592504,False,40.617156282592504,28.956565882601637,30.42627783480585,40-44.9
738,2025-05-10 14:00:00,Premier League,Wolves,Brighton,AWAY,HOME,55.51924834457929,False,55.51924834457929,24.39243648388672,20.088315171534003,55-59.9
349,2025-05-10 14:15:00,La Liga,Celta Vigo,Sevilla,HOME,HOME,51.284463302972895,True,51.284463302972895,24.484285190390484,24.231251506636628,50-54.9
1119,2025-05-10 16:00:00,Serie A,Lazio,Juventus,DRAW,HOME,43.14596642541177,False,43.14596642541177,33.200110628660745,23.65392294592749,40-44.9
350,2025-05-10 16:30:00,La Liga,Girona,Villarreal,AWAY,HOME,38.523072554476016,False,38.523072554476016,26.01044915687163,35.46647828865234,35-39.9
351,2025-05-10 16:30:00,La Liga,Mallorca,Valladolid,HOME,HOME,59.87383153057254,True,59.87383153057254,23.464095115020307,16.662073354407156,55-59.9
741,2025-05-10 16:30:00,Premier League,Bournemouth,Aston Villa,AWAY,AWAY,40.69283274577617,True,31.092888695597242,28.214278558626578,40.69283274577617,40-44.9
1440,2025-05-10 16:30:00,Bundesliga,Bayern München,Borussia Mönchengladbach,HOME,HOME,61.12302959782423,True,61.12302959782423,18.666956866009713,20.21001353616606,60-69.9
1120,2025-05-10 18:45:00,Serie A,Empoli,Parma,HOME,AWAY,40.32857758006232,False,28.987578680661493,30.68384373927619,40.32857758006232,40-44.9
352,2025-05-10 19:00:00,La Liga,Atletico Madrid,Real Sociedad,HOME,HOME,53.829835523817174,True,53.829835523817174,27.24879160286567,18.921372873317157,50-54.9
1121,2025-05-11 10:30:00,Serie A,Udinese,Monza,AWAY,HOME,47.45124019624692,False,47.45124019624692,31.104283306682312,21.44447649707076,45-49.9
742,2025-05-11 11:00:00,Premier League,Newcastle,Chelsea,HOME,HOME,47.93372629406157,True,47.93372629406157,24.376189054577406,27.69008465136102,45-49.9
353,2025-05-11 12:00:00,La Liga,Leganes,Espanyol,HOME,HOME,36.21602319780346,True,36.21602319780346,30.398790819393085,33.38518598280345,35-39.9
1122,2025-05-11 13:00:00,Serie A,Hellas Verona,Lecce,DRAW,HOME,34.5374439962765,False,34.5374439962765,33.97039300403698,31.492162999686528,<35
743,2025-05-11 13:15:00,Premier League,Manchester United,West Ham,AWAY,AWAY,43.08840408712166,True,32.06543377810234,24.846162134775994,43.08840408712166,40-44.9
744,2025-05-11 13:15:00,Premier League,Tottenham,Crystal Palace,AWAY,HOME,52.34554482461796,False,52.34554482461796,21.500535424950762,26.15391975043127,50-54.9
745,2025-05-11 13:15:00,Premier League,Nottingham Forest,Leicester,DRAW,HOME,41.611582469938476,False,41.611582469938476,28.345474777160373,30.04294275290115,40-44.9
1441,2025-05-11 13:30:00,Bundesliga,Bayer Leverkusen,Borussia Dortmund,AWAY,AWAY,47.80590390203093,True,28.160389257091982,24.03370684087708,47.80590390203093,45-49.9
354,2025-05-11 14:15:00,La Liga,Barcelona,Real Madrid,HOME,HOME,54.194761827341544,True,54.194761827341544,26.707177650956677,19.098060521701772,50-54.9
1442,2025-05-11 15:30:00,Bundesliga,Eintracht Frankfurt,FC St. Pauli,DRAW,HOME,42.90286081042361,False,42.90286081042361,29.57366766114179,27.523471528434605,40-44.9
746,2025-05-11 15:30:00,Premier League,Liverpool,Arsenal,DRAW,HOME,40.92675238631194,False,40.92675238631194,24.969651474297976,34.103596139390085,40-44.9
1123,2025-05-11 16:00:00,Serie A,Torino,Inter,AWAY,AWAY,34.50708461283239,True,33.1084252496511,32.38449013751653,34.50708461283239,<35
355,2025-05-11 16:30:00,La Liga,Athletic Club,Alaves,HOME,HOME,41.811945152065036,True,41.811945152065036,34.040730370075224,24.147324477859733,40-44.9
1443,2025-05-11 17:30:00,Bundesliga,VfB Stuttgart,FC Augsburg,HOME,HOME,54.01333540929157,True,54.01333540929157,23.702331120805542,22.284333469902887,50-54.9
1124,2025-05-11 18:45:00,Serie A,Napoli,Genoa,DRAW,HOME,53.8450252279005,False,53.8450252279005,32.55849291988381,13.596481852215692,50-54.9
356,2025-05-11 19:00:00,La Liga,Real Betis,Osasuna,DRAW,HOME,57.68868051550115,False,57.68868051550115,22.097821301885602,20.213498182613257,55-59.9
1125,2025-05-12 16:30:00,Serie A,Venezia,Fiorentina,HOME,HOME,36.13580876157358,True,36.13580876157358,31.54538376883102,32.3188074695954,35-39.9
1126,2025-05-12 18:45:00,Serie A,Atalanta,AS Roma,HOME,HOME,42.98761346954878,True,42.98761346954878,33.46878446978176,23.54360206066945,40-44.9
357,2025-05-13 17:00:00,La Liga,Valladolid,Girona,AWAY,HOME,38.871062156123664,False,38.871062156123664,22.552920481426757,38.576017362449576,35-39.9
358,2025-05-13 18:00:00,La Liga,Real Sociedad,Celta Vigo,AWAY,AWAY,43.70066947053004,True,32.18331822708458,24.116012302385393,43.70066947053004,40-44.9
359,2025-05-13 19:30:00,La Liga,Sevilla,Las Palmas,HOME,AWAY,37.57193705369703,False,35.6340648718947,26.79399807440827,37.57193705369703,35-39.9
360,2025-05-14 17:00:00,La Liga,Villarreal,Leganes,HOME,HOME,51.01463099337642,True,51.01463099337642,26.813290703708866,22.172078302914716,50-54.9
361,2025-05-14 17:00:00,La Liga,Alaves,Valencia,HOME,AWAY,39.71217068823813,False,29.987895535321456,30.29993377644041,39.71217068823813,35-39.9
362,2025-05-14 19:30:00,La Liga,Real Madrid,Mallorca,HOME,HOME,52.870240241899445,True,52.870240241899445,28.244576658382847,18.885183099717707,50-54.9
363,2025-05-15 17:00:00,La Liga,Osasuna,Atletico Madrid,HOME,HOME,37.29522766968431,True,37.29522766968431,26.001326524664574,36.70344580565112,35-39.9
364,2025-05-15 17:00:00,La Liga,Rayo Vallecano,Real Betis,DRAW,AWAY,41.772418457176634,False,31.834248553221666,26.393332989601703,41.772418457176634,40-44.9
365,2025-05-15 19:30:00,La Liga,Espanyol,Barcelona,AWAY,AWAY,41.701407753211974,True,34.346726308069385,23.95186593871864,41.701407753211974,40-44.9
366,2025-05-15 19:30:00,La Liga,Getafe,Athletic Club,AWAY,AWAY,47.2385951270911,True,24.82116488877966,27.940239984129246,47.2385951270911,45-49.9
747,2025-05-16 18:30:00,Premier League,Aston Villa,Tottenham,HOME,HOME,66.71389166583614,True,66.71389166583614,21.838856243171794,11.44725209099206,60-69.9
748,2025-05-16 19:15:00,Premier League,Chelsea,Manchester United,HOME,HOME,57.68501792629741,True,57.68501792629741,24.791411541132458,17.523570532570126,55-59.9
1452,2025-05-17 13:30:00,Bundesliga,FC St. Pauli,VfL Bochum,AWAY,HOME,44.48309299584161,False,44.48309299584161,28.998363550185356,26.51854345397304,40-44.9
1451,2025-05-17 13:30:00,Bundesliga,1. FC Heidenheim,Werder Bremen,AWAY,AWAY,36.518282888056994,True,33.92883334981247,29.552883762130527,36.518282888056994,35-39.9
1450,2025-05-17 13:30:00,Bundesliga,RB Leipzig,VfB Stuttgart,AWAY,AWAY,44.7100401356778,True,32.1541095436418,23.135850320680404,44.7100401356778,40-44.9
1448,2025-05-17 13:30:00,Bundesliga,1899 Hoffenheim,Bayern München,AWAY,AWAY,56.99939316993241,True,25.297028734790445,17.70357809527715,56.99939316993241,55-59.9
1449,2025-05-17 13:30:00,Bundesliga,FC Augsburg,Union Berlin,AWAY,AWAY,38.9579804824314,True,35.82016105813307,25.22185845943554,38.9579804824314,35-39.9
1446,2025-05-17 13:30:00,Bundesliga,FSV Mainz 05,Bayer Leverkusen,DRAW,AWAY,38.57147553606921,False,36.75271868417165,24.675805779759138,38.57147553606921,35-39.9
1445,2025-05-17 13:30:00,Bundesliga,Borussia Mönchengladbach,VfL Wolfsburg,AWAY,HOME,44.351951027723196,False,44.351951027723196,19.166784128671743,36.481264843605054,40-44.9
1444,2025-05-17 13:30:00,Bundesliga,SC Freiburg,Eintracht Frankfurt,AWAY,HOME,39.15642936839044,False,39.15642936839044,26.8816421492682,33.96192848234136,35-39.9
1447,2025-05-17 13:30:00,Bundesliga,Borussia Dortmund,Holstein Kiel,HOME,HOME,59.3649663179745,True,59.3649663179745,19.47868556052642,21.156348121499075,55-59.9
1127,2025-05-17 18:45:00,Serie A,Genoa,Atalanta,AWAY,AWAY,54.33253987544402,True,18.99587517648027,26.6715849480757,54.33253987544402,50-54.9
749,2025-05-18 11:00:00,Premier League,Everton,Southampton,HOME,HOME,48.746865412813456,True,48.746865412813456,29.026486540546536,22.226648046640012,45-49.9
750,2025-05-18 13:15:00,Premier League,West Ham,Nottingham Forest,AWAY,HOME,40.571504334451035,False,40.571504334451035,27.365340827863932,32.06315483768504,40-44.9
751,2025-05-18 14:00:00,Premier League,Leicester,Ipswich,HOME,HOME,50.82062142470415,True,50.82062142470415,25.34615912951919,23.83321944577666,50-54.9
752,2025-05-18 14:00:00,Premier League,Brentford,Fulham,AWAY,HOME,60.92411645692025,False,60.92411645692025,24.087521595725836,14.988361947353907,60-69.9
753,2025-05-18 15:30:00,Premier League,Arsenal,Newcastle,HOME,AWAY,47.29163575277328,False,29.560563313389725,23.14780093383698,47.29163575277328,45-49.9
368,2025-05-18 17:00:00,La Liga,Atletico Madrid,Real Betis,HOME,AWAY,39.140229527539525,False,34.64255526599232,26.217215206468154,39.140229527539525,35-39.9
375,2025-05-18 17:00:00,La Liga,Osasuna,Espanyol,HOME,HOME,59.49234855008563,True,59.49234855008563,24.535400574864283,15.972250875050092,55-59.9
374,2025-05-18 17:00:00,La Liga,Valladolid,Alaves,AWAY,AWAY,43.23910529785558,True,30.842417040341942,25.91847766180249,43.23910529785558,40-44.9
373,2025-05-18 17:00:00,La Liga,Real Sociedad,Girona,HOME,AWAY,35.844234926472836,False,34.76451786283951,29.391247210687638,35.844234926472836,35-39.9
372,2025-05-18 17:00:00,La Liga,Celta Vigo,Rayo Vallecano,AWAY,HOME,58.098854276557574,False,58.098854276557574,22.640352817234724,19.260792906207698,55-59.9
367,2025-05-18 17:00:00,La Liga,Barcelona,Villarreal,AWAY,HOME,59.977392108015046,False,59.977392108015046,22.577584814312747,17.4450230776722,55-59.9
370,2025-05-18 17:00:00,La Liga,Las Palmas,Leganes,AWAY,HOME,39.544483087318014,False,39.544483087318014,28.308369918517464,32.14714699416453,35-39.9
369,2025-05-18 17:00:00,La Liga,Valencia,Athletic Club,AWAY,HOME,43.950013196412684,False,43.950013196412684,29.96543141627079,26.084555387316527,40-44.9
376,2025-05-18 17:00:00,La Liga,Mallorca,Getafe,AWAY,HOME,49.065340759243085,False,49.065340759243085,30.71222755215674,20.222431688600178,45-49.9
371,2025-05-18 17:00:00,La Liga,Sevilla,Real Madrid,AWAY,HOME,39.21032619276386,False,39.21032619276386,24.97783180399865,35.81184200323748,35-39.9
1135,2025-05-18 18:45:00,Serie A,Lecce,Torino,HOME,AWAY,34.55263549076918,False,33.68014201465367,31.767222494577148,34.55263549076918,<35
1134,2025-05-18 18:45:00,Serie A,Parma,Napoli,DRAW,AWAY,44.3359913096031,False,25.249255879519726,30.41475281087717,44.3359913096031,40-44.9
1136,2025-05-18 18:45:00,Serie A,Monza,Empoli,AWAY,HOME,36.19943735633548,False,36.19943735633548,30.259895183542035,33.54066746012249,35-39.9
1133,2025-05-18 18:45:00,Serie A,Inter,Lazio,DRAW,HOME,38.160093136881756,False,38.160093136881756,33.17206530940088,28.667841553717356,35-39.9
1128,2025-05-18 18:45:00,Serie A,Cagliari,Venezia,HOME,AWAY,37.46387242107756,False,34.8446561182979,27.691471460624534,37.46387242107756,35-39.9
1131,2025-05-18 18:45:00,Serie A,Fiorentina,Bologna,HOME,HOME,43.708059693507494,True,43.708059693507494,32.84206230578108,23.449878000711426,40-44.9
1130,2025-05-18 18:45:00,Serie A,AS Roma,AC Milan,HOME,AWAY,37.18324467463362,False,30.40866998510215,32.40808534026424,37.18324467463362,35-39.9
1129,2025-05-18 18:45:00,Serie A,Juventus,Udinese,HOME,HOME,52.29224199448231,True,52.29224199448231,30.092879467530132,17.614878537987565,50-54.9
1132,2025-05-18 18:45:00,Serie A,Hellas Verona,Como,DRAW,AWAY,52.16298090426359,False,18.643871321462697,29.193147774273704,52.16298090426359,50-54.9
754,2025-05-19 19:00:00,Premier League,Brighton,Liverpool,HOME,HOME,38.665777497480214,True,38.665777497480214,23.174487874860304,38.15973462765948,35-39.9
755,2025-05-20 19:00:00,Premier League,Manchester City,Bournemouth,HOME,HOME,50.90339857021603,True,50.90339857021603,29.69161716526032,19.40498426452365,50-54.9
756,2025-05-20 19:00:00,Premier League,Crystal Palace,Wolves,HOME,AWAY,41.39289674545367,False,31.41977885684576,27.18732439770058,41.39289674545367,40-44.9
1137,2025-05-23 18:45:00,Serie A,Napoli,Cagliari,HOME,HOME,43.331737896948205,True,43.331737896948205,32.60889621889047,24.05936588416132,40-44.9
1138,2025-05-23 18:45:00,Serie A,Como,Inter,AWAY,HOME,49.67974200475424,False,49.67974200475424,32.214622657359754,18.105635337885992,45-49.9
377,2025-05-23 19:00:00,La Liga,Real Betis,Valencia,DRAW,HOME,48.02701858570474,False,48.02701858570474,24.435553574703352,27.53742783959191,45-49.9
378,2025-05-24 14:15:00,La Liga,Real Madrid,Real Sociedad,HOME,HOME,65.8634232035427,True,65.8634232035427,22.212813211487376,11.92376358496993,60-69.9
1139,2025-05-24 16:00:00,Serie A,Bologna,Genoa,AWAY,HOME,42.99567447731416,False,42.99567447731416,29.83160315347871,27.172722369207136,40-44.9
379,2025-05-24 16:30:00,La Liga,Leganes,Valladolid,HOME,HOME,59.87029105523642,True,59.87029105523642,24.227700580339608,15.902008364423972,55-59.9
380,2025-05-24 16:30:00,La Liga,Espanyol,Las Palmas,HOME,HOME,36.663564726287795,True,36.663564726287795,28.421166418269937,34.91526885544226,35-39.9
1140,2025-05-24 18:45:00,Serie A,AC Milan,Monza,HOME,HOME,59.72280335856599,True,59.72280335856599,26.018352097647806,14.258844543786209,55-59.9
381,2025-05-24 19:00:00,La Liga,Alaves,Osasuna,DRAW,HOME,41.63417888669473,False,41.63417888669473,32.428408076115105,25.937413037190176,40-44.9
382,2025-05-24 19:00:00,La Liga,Getafe,Celta Vigo,AWAY,AWAY,44.6208603246701,True,29.42444459107699,25.954695084252915,44.6208603246701,40-44.9
383,2025-05-24 19:00:00,La Liga,Rayo Vallecano,Mallorca,DRAW,HOME,52.5946315567949,False,52.5946315567949,28.41391904917,18.991449394035094,50-54.9
384,2025-05-25 12:00:00,La Liga,Girona,Atletico Madrid,AWAY,AWAY,42.90813296809867,True,29.091227072344918,28.000639959556416,42.90813296809867,40-44.9
385,2025-05-25 14:15:00,La Liga,Villarreal,Sevilla,HOME,HOME,66.90780344873696,True,66.90780344873696,22.384360092918303,10.707836458344744,60-69.9
757,2025-05-25 15:00:00,Premier League,Manchester United,Aston Villa,HOME,AWAY,56.645183656034106,False,20.108057915153562,23.246758428812345,56.645183656034106,55-59.9
765,2025-05-25 15:00:00,Premier League,Ipswich,West Ham,AWAY,AWAY,51.04775045194081,True,24.416496766081313,24.535752781977884,51.04775045194081,50-54.9
764,2025-05-25 15:00:00,Premier League,Tottenham,Brighton,AWAY,AWAY,54.28793991961789,True,24.523352059316412,21.18870802106569,54.28793991961789,50-54.9
763,2025-05-25 15:00:00,Premier League,Southampton,Arsenal,AWAY,AWAY,54.03701589354647,True,21.021081853615048,24.941902252838485,54.03701589354647,50-54.9
762,2025-05-25 15:00:00,Premier League,Liverpool,Crystal Palace,DRAW,AWAY,38.4305300400212,False,37.66593640317505,23.903533556803737,38.4305300400212,35-39.9
766,2025-05-25 15:00:00,Premier League,Nottingham Forest,Chelsea,AWAY,HOME,38.696240982889066,False,38.696240982889066,27.689216975831147,33.6145420412798,35-39.9
760,2025-05-25 15:00:00,Premier League,Fulham,Manchester City,AWAY,AWAY,44.249699772399985,True,29.79936459511413,25.950935632485887,44.249699772399985,40-44.9
759,2025-05-25 15:00:00,Premier League,Bournemouth,Leicester,HOME,AWAY,36.6542192807587,False,34.16383472977049,29.181945989470808,36.6542192807587,35-39.9
758,2025-05-25 15:00:00,Premier League,Newcastle,Everton,AWAY,HOME,38.60872642015564,False,38.60872642015564,27.8742313968529,33.51704218299147,35-39.9
761,2025-05-25 15:00:00,Premier League,Wolves,Brentford,DRAW,AWAY,45.69561925111362,False,30.69026369132261,23.614117057563764,45.69561925111362,45-49.9
1141,2025-05-25 18:45:00,Serie A,Lazio,Lecce,AWAY,HOME,50.09221876333141,False,50.09221876333141,30.5424304887202,19.365350747948398,50-54.9
1142,2025-05-25 18:45:00,Serie A,Udinese,Fiorentina,AWAY,AWAY,38.30140513384661,True,32.03953537529968,29.65905949085372,38.30140513384661,35-39.9
1143,2025-05-25 18:45:00,Serie A,Atalanta,Parma,AWAY,HOME,54.851544926359864,False,54.851544926359864,29.277165148708796,15.87128992493134,50-54.9
1144,2025-05-25 18:45:00,Serie A,Torino,AS Roma,AWAY,AWAY,40.832938900522876,True,27.90985320890741,31.25720789056972,40.832938900522876,40-44.9
1145,2025-05-25 18:45:00,Serie A,Empoli,Hellas Verona,AWAY,HOME,47.298511440570365,False,47.298511440570365,30.5869752813248,22.114513278104837,45-49.9
1146,2025-05-25 18:45:00,Serie A,Venezia,Juventus,AWAY,AWAY,39.62926393006996,True,30.072034297798123,30.29870177213191,39.62926393006996,35-39.9
386,2025-05-25 19:00:00,La Liga,Athletic Club,Barcelona,AWAY,HOME,48.150294410445476,False,48.150294410445476,29.599931218300302,22.24977437125421,45-49.9
1454,2025-05-26 18:30:00,Bundesliga,SV Elversberg,1. FC Heidenheim,AWAY,HOME,39.33642945766877,False,39.33642945766877,22.885141410139596,37.77842913219164,35-39.9
1,2026-08-14 18:00:00,UEFA Europa League,KI Klaksvik,Lech Poznan,AWAY,HOME,53.18976544356787,False,53.18976544356787,25.687127692367717,21.12310686406441,50-54.9
2,2026-08-15 17:30:00,La Liga,Alaves,Getafe,HOME,HOME,52.62830389175153,True,52.62830389175153,30.291162325486,17.080533782762483,50-54.9
3,2026-08-15 19:30:00,La Liga,Sevilla,Rayo Vallecano,HOME,AWAY,37.31564520985482,False,37.201063301488105,25.483291488657073,37.31564520985482,35-39.9
